Workbook

Sheet Resuls
B1: Fishable Crab Densities (kh/ha) Across all Simulations
A2: Period | B2: Baseline (no-otters) | E2: Sea otters (ϕ = 0) | H2: Sea otters (ϕ = 1) | K2: Sea otters (ϕ = 1)
B3: Mean | C3: Q 5% | D3: Q 95% | E3: Mean | F3: Q 5% | G3: Q 95% | H3: Mean | I3: Q 5% | J3: Q 95% | K3: Mean | L3: Q 5% | M3: Q 95%
A4: Year 5 - 10 | B4: ='No Otters'!C2 -> 536.6273 | C4: ='No Otters'!D2 -> 173.6067 | D4: ='No Otters'!E2 -> 1236.3586 | E4: ='Otters, phi = 0'!C2 -> 310.1547 | F4: ='Otters, phi = 0'!D2 -> 38.1001 | G4: ='Otters, phi = 0'!E2 -> 924.2775 | H4: ='Otters, phi = 1'!C2 -> 311.8957 | I4: ='Otters, phi = 1'!D2 -> 42.4818 | J4: ='Otters, phi = 1'!E2 -> 923.0875 | K4: ='Otters, phi = 2'!C2 -> 319.3165 | L4: ='Otters, phi = 2'!D2 -> 58.1917 | M4: ='Otters, phi = 2'!E2 -> 922.809
A5: Year 10 - 15 | B5: ='No Otters'!C3 -> 556.9669 | C5: ='No Otters'!D3 -> 161.3763 | D5: ='No Otters'!E3 -> 1323.4123 | E5: ='Otters, phi = 0'!C3 -> 339.8133 | F5: ='Otters, phi = 0'!D3 -> 0 | G5: ='Otters, phi = 0'!E3 -> 1236.7985 | H5: ='Otters, phi = 1'!C3 -> 352.8143 | I5: ='Otters, phi = 1'!D3 -> 6.18 | J5: ='Otters, phi = 1'!E3 -> 1236.7657 | K5: ='Otters, phi = 2'!C3 -> 382.0532 | L5: ='Otters, phi = 2'!D3 -> 46.0188 | M5: ='Otters, phi = 2'!E3 -> 1243.5432
A6: Year 15 - 20 | B6: ='No Otters'!C4 -> 548.2224 | C6: ='No Otters'!D4 -> 160.5242 | D6: ='No Otters'!E4 -> 1290.4683 | E6: ='Otters, phi = 0'!C4 -> 313.6192 | F6: ='Otters, phi = 0'!D4 -> 0 | G6: ='Otters, phi = 0'!E4 -> 1185.1868 | H6: ='Otters, phi = 1'!C4 -> 323.4077 | I6: ='Otters, phi = 1'!D4 -> 3.0062 | J6: ='Otters, phi = 1'!E4 -> 1177.2532 | K6: ='Otters, phi = 2'!C4 -> 346.4577 | L6: ='Otters, phi = 2'!D4 -> 34.1121 | M6: ='Otters, phi = 2'!E4 -> 1165.3445
A7: Year 20 - 25 | B7: ='No Otters'!C5 -> 542.2908 | C7: ='No Otters'!D5 -> 153.2568 | D7: ='No Otters'!E5 -> 1279.9013 | E7: ='Otters, phi = 0'!C5 -> 212.9871 | F7: ='Otters, phi = 0'!D5 -> 0 | G7: ='Otters, phi = 0'!E5 -> 971.9078 | H7: ='Otters, phi = 1'!C5 -> 219.4993 | I7: ='Otters, phi = 1'!D5 -> 0.4714 | J7: ='Otters, phi = 1'!E5 -> 966.6145 | K7: ='Otters, phi = 2'!C5 -> 245.4323 | L7: ='Otters, phi = 2'!D5 -> 19.2095 | M7: ='Otters, phi = 2'!E5 -> 967.5484
B10: Catch Reduction % Mean Fishable Crab Densities (kh/ha)
A11: Period | B11: Baseline (no-otters) | E11: Sea otters (ϕ = 0) | H11: Sea otters (ϕ = 1) | K11: Sea otters (ϕ = 1)
B12: Mean | C12: Q 5% | D12: Q 95% | E12: Mean | F12: Q 5% | G12: Q 95% | H12: Mean | I12: Q 5% | J12: Q 95% | K12: Mean | L12: Q 5% | M12: Q 95%
A13: Year 5 - 10 | B13: =B4 -> 536.6273 | C13: =C4 -> 173.6067 | D13: =D4 -> 1236.3586 | E13: =1-(E4*100%)/B4 -> 0.42202959 | F13: =1-(F4*100%)/C4 -> 0.78053785 | G13: =1-(G4*100%)/D4 -> 0.25241957 | H13: =1-(H4*100%)/B4 -> 0.41878525 | I13: =1-(I4*100%)/C4 -> 0.75529861 | J13: =1-(J4*100%)/D4 -> 0.25338207 | K13: =1-(K4*100%)/B4 -> 0.40495666 | L13: =1-(L4*100%)/C4 -> 0.66480729 | M13: =1-(M4*100%)/D4 -> 0.25360733
A14: Year 10 - 15 | B14: =B5 -> 556.9669 | C14: =C5 -> 161.3763 | D14: =D5 -> 1323.4123 | E14: =1-(E5*100%)/B5 -> 0.38988601 | F14: =1-(F5*100%)/C5 -> 1 | G14: =1-(G5*100%)/D5 -> 0.065447329 | H14: =1-(H5*100%)/B5 -> 0.36654351 | I14: =1-(I5*100%)/C5 -> 0.96170441 | J14: =1-(J5*100%)/D5 -> 0.065472113 | K14: =1-(K5*100%)/B5 -> 0.31404685 | L14: =1-(L5*100%)/C5 -> 0.71483545 | M14: =1-(M5*100%)/D5 -> 0.060350882
A15: Year 15 - 20 | B15: =B6 -> 548.2224 | C15: =C6 -> 160.5242 | D15: =D6 -> 1290.4683 | E15: =1-(E6*100%)/B6 -> 0.42793436 | F15: =1-(F6*100%)/C6 -> 1 | G15: =1-(G6*100%)/D6 -> 0.081583949 | H15: =1-(H6*100%)/B6 -> 0.41007938 | I15: =1-(I6*100%)/C6 -> 0.98127261 | J15: =1-(J6*100%)/D6 -> 0.087731795 | K15: =1-(K6*100%)/B6 -> 0.3680344 | L15: =1-(L6*100%)/C6 -> 0.78749559 | M15: =1-(M6*100%)/D6 -> 0.096959995
A16: Year 20 - 25 | B16: =B7 -> 542.2908 | C16: =C7 -> 153.2568 | D16: =D7 -> 1279.9013 | E16: =1-(E7*100%)/B7 -> 0.6072456 | F16: =1-(F7*100%)/C7 -> 1 | G16: =1-(G7*100%)/D7 -> 0.24063848 | H16: =1-(H7*100%)/B7 -> 0.59523691 | I16: =1-(I7*100%)/C7 -> 0.99692412 | J16: =1-(J7*100%)/D7 -> 0.24477419 | K16: =1-(K7*100%)/B7 -> 0.5474157 | L16: =1-(L7*100%)/C7 -> 0.87465809 | M16: =1-(M7*100%)/D7 -> 0.24404452

Sheet Compact Results
B1: Fishable Crab Densities (kh/ha) Across all Simulations
A2: Period | B2: Baseline (no-otters) | C2: Sea otters (ϕ = 0) | D2: Sea otters (ϕ = 1) | E2: Sea otters (ϕ = 1)
A3: Year 5 - 10 | B3: ='No Otters'!C2 -> 536.6273 | C3: ='Otters, phi = 0'!C2 -> 310.1547 | D3: ='Otters, phi = 1'!C2 -> 311.8957 | E3: ='Otters, phi = 2'!C2 -> 319.3165
A4: Year 10 - 15 | B4: ='No Otters'!C3 -> 556.9669 | C4: ='Otters, phi = 0'!C3 -> 339.8133 | D4: ='Otters, phi = 1'!C3 -> 352.8143 | E4: ='Otters, phi = 2'!C3 -> 382.0532
A5: Year 15 - 20 | B5: ='No Otters'!C4 -> 548.2224 | C5: ='Otters, phi = 0'!C4 -> 313.6192 | D5: ='Otters, phi = 1'!C4 -> 323.4077 | E5: ='Otters, phi = 2'!C4 -> 346.4577
A6: Year 20 - 25 | B6: ='No Otters'!C5 -> 542.2908 | C6: ='Otters, phi = 0'!C5 -> 212.9871 | D6: ='Otters, phi = 1'!C5 -> 219.4993 | E6: ='Otters, phi = 2'!C5 -> 245.4323
B9: Catch Reduction % Mean Fishable Crab Densities (kh/ha)
A10: Period | B10: Baseline (no-otters) | C10: Sea otters (ϕ = 0) | D10: Sea otters (ϕ = 1) | E10: Sea otters (ϕ = 1)
A11: Year 5 - 10 | B11: =B3 -> 536.6273 | C11: =1-(C3*100%)/B3 -> 0.42202959 | D11: =1-(D3*100%)/B3 -> 0.41878525 | E11: =1-(E3*100%)/B3 -> 0.40495666
A12: Year 10 - 15 | B12: =B4 -> 556.9669 | C12: =1-(C4*100%)/B4 -> 0.38988601 | D12: =1-(D4*100%)/B4 -> 0.36654351 | E12: =1-(E4*100%)/B4 -> 0.31404685
A13: Year 15 - 20 | B13: =B5 -> 548.2224 | C13: =1-(C5*100%)/B5 -> 0.42793436 | D13: =1-(D5*100%)/B5 -> 0.41007938 | E13: =1-(E5*100%)/B5 -> 0.3680344
A14: Year 20 - 25 | B14: =B6 -> 542.2908 | C14: =1-(C6*100%)/B6 -> 0.6072456 | D14: =1-(D6*100%)/B6 -> 0.59523691 | E14: =1-(E6*100%)/B6 -> 0.5474157

Sheet No Otters
A1: Time (Years) | C1: Mean Fishable Crabs | D1: Q 5% Fishable Crabs | E1: Q 95% Fishable Crabs
A2: 5 | B2: 10 | C2: 536.6273 | D2: 173.6067 | E2: 1236.3586
A3: 10 | B3: 15 | C3: 556.9669 | D3: 161.3763 | E3: 1323.4123
A4: 15 | B4: 20 | C4: 548.2224 | D4: 160.5242 | E4: 1290.4683
A5: 20 | B5: 25 | C5: 542.2908 | D5: 153.2568 | E5: 1279.9013

Sheet Otters, phi = 0
A1: Time (Years) | C1: Mean Fishable Crabs | D1: Q 5% Fishable Crabs | E1: Q 95% Fishable Crabs
A2: 5 | B2: 10 | C2: 310.1547 | D2: 38.1001 | E2: 924.2775
A3: 10 | B3: 15 | C3: 339.8133 | D3: 0 | E3: 1236.7985
A4: 15 | B4: 20 | C4: 313.6192 | D4: 0 | E4: 1185.1868
A5: 20 | B5: 25 | C5: 212.9871 | D5: 0 | E5: 971.9078

Sheet Otters, phi = 1
A1: Time (Years) | C1: Mean Fishable Crabs | D1: Q 5% Fishable Crabs | E1: Q 95% Fishable Crabs
A2: 5 | B2: 10 | C2: 311.8957 | D2: 42.4818 | E2: 923.0875
A3: 10 | B3: 15 | C3: 352.8143 | D3: 6.18 | E3: 1236.7657
A4: 15 | B4: 20 | C4: 323.4077 | D4: 3.0062 | E4: 1177.2532
A5: 20 | B5: 25 | C5: 219.4993 | D5: 0.4714 | E5: 966.6145

Sheet Otters, phi = 2
A1: Time (Years) | C1: Mean Fishable Crabs | D1: Q 5% Fishable Crabs | E1: Q 95% Fishable Crabs
A2: 5 | B2: 10 | C2: 319.3165 | D2: 58.1917 | E2: 922.809
A3: 10 | B3: 15 | C3: 382.0532 | D3: 46.0188 | E3: 1243.5432
A4: 15 | B4: 20 | C4: 346.4577 | D4: 34.1121 | E4: 1165.3445
A5: 20 | B5: 25 | C5: 245.4323 | D5: 19.2095 | E5: 967.5484
